nodeId,nodeType
4:584e0286-699b-42a4-88be-7eebbc43354a:0,[Movie]
4:584e0286-699b-42a4-88be-7eebbc43354a:1,[Person]
4:584e0286-699b-42a4-88be-7eebbc43354a:2,[Person]
4:584e0286-699b-42a4-88be-7eebbc43354a:3,[Person]
4:584e0286-699b-42a4-88be-7eebbc43354a:4,[Person]
4:584e0286-699b-42a4-88be-7eebbc43354a:5,[Person]
4:584e0286-699b-42a4-88be-7eebbc43354a:6,[Person]
4:584e0286-699b-42a4-88be-7eebbc43354a:7,[Person]
4:584e0286-699b-42a4-88be-7eebbc43354a:8,[Person]
4:584e0286-699b-42a4-88be-7eebbc43354a:9,[Movie]
4:584e0286-699b-42a4-88be-7eebbc43354a:10,[Movie]
4:584e0286-699b-42a4-88be-7eebbc43354a:11,[Movie]
4:584e0286-699b-42a4-88be-7eebbc43354a:12,[Person]
4:584e0286-699b-42a4-88be-7eebbc43354a:13,[Person]
4:584e0286-699b-42a4-88be-7eebbc43354a:14,[Person]
4:584e0286-699b-42a4-88be-7eebbc43354a:15,[Movie]
4:584e0286-699b-42a4-88be-7eebbc43354a:16,[Person]
4:584e0286-699b-42a4-88be-7eebbc43354a:17,[Person]
4:584e0286-699b-42a4-88be-7eebbc43354a:18,[Person]
4:584e0286-699b-42a4-88be-7eebbc43354a:19,[Person]
4:584e0286-699b-42a4-88be-7eebbc43354a:20,[Person]
4:584e0286-699b-42a4-88be-7eebbc43354a:21,[Person]
4:584e0286-699b-42a4-88be-7eebbc43354a:22,[Person]
4:584e0286-699b-42a4-88be-7eebbc43354a:23,[Person]
4:584e0286-699b-42a4-88be-7eebbc43354a:24,[Person]
4:584e0286-699b-42a4-88be-7eebbc43354a:25,[Person]
4:584e0286-699b-42a4-88be-7eebbc43354a:26,[Person]
4:584e0286-699b-42a4-88be-7eebbc43354a:27,[Person]
4:584e0286-699b-42a4-88be-7eebbc43354a:28,[Person]
4:584e0286-699b-42a4-88be-7eebbc43354a:29,[Movie]
4:584e0286-699b-42a4-88be-7eebbc43354a:30,[Person]
4:584e0286-699b-42a4-88be-7eebbc43354a:31,[Person]
4:584e0286-699b-42a4-88be-7eebbc43354a:32,[Person]
4:584e0286-699b-42a4-88be-7eebbc43354a:33,[Person]
4:584e0286-699b-42a4-88be-7eebbc43354a:34,[Person]
4:584e0286-699b-42a4-88be-7eebbc43354a:35,[Person]
4:584e0286-699b-42a4-88be-7eebbc43354a:36,[Person]
4:584e0286-699b-42a4-88be-7eebbc43354a:37,[Movie]
4:584e0286-699b-42a4-88be-7eebbc43354a:38,[Person]
4:584e0286-699b-42a4-88be-7eebbc43354a:39,[Person]
4:584e0286-699b-42a4-88be-7eebbc43354a:40,[Person]
4:584e0286-699b-42a4-88be-7eebbc43354a:41,[Person]
4:584e0286-699b-42a4-88be-7eebbc43354a:42,[Person]
4:584e0286-699b-42a4-88be-7eebbc43354a:43,[Person]
4:584e0286-699b-42a4-88be-7eebbc43354a:44,[Person]
4:584e0286-699b-42a4-88be-7eebbc43354a:45,[Person]
4:584e0286-699b-42a4-88be-7eebbc43354a:46,[Movie]
4:584e0286-699b-42a4-88be-7eebbc43354a:47,[Person]
4:584e0286-699b-42a4-88be-7eebbc43354a:48,[Person]
4:584e0286-699b-42a4-88be-7eebbc43354a:49,[Person]
4:584e0286-699b-42a4-88be-7eebbc43354a:50,[Person]
4:584e0286-699b-42a4-88be-7eebbc43354a:51,[Person]
4:584e0286-699b-42a4-88be-7eebbc43354a:52,[Movie]
4:584e0286-699b-42a4-88be-7eebbc43354a:53,[Person]
4:584e0286-699b-42a4-88be-7eebbc43354a:54,[Person]
4:584e0286-699b-42a4-88be-7eebbc43354a:55,[Person]
4:584e0286-699b-42a4-88be-7eebbc43354a:56,[Movie]
4:584e0286-699b-42a4-88be-7eebbc43354a:57,[Person]
4:584e0286-699b-42a4-88be-7eebbc43354a:58,[Person]
4:584e0286-699b-42a4-88be-7eebbc43354a:59,[Person]
4:584e0286-699b-42a4-88be-7eebbc43354a:60,[Person]
4:584e0286-699b-42a4-88be-7eebbc43354a:61,[Person]
4:584e0286-699b-42a4-88be-7eebbc43354a:62,[Movie]
4:584e0286-699b-42a4-88be-7eebbc43354a:63,[Person]
4:584e0286-699b-42a4-88be-7eebbc43354a:64,[Person]
4:584e0286-699b-42a4-88be-7eebbc43354a:65,[Person]
4:584e0286-699b-42a4-88be-7eebbc43354a:66,[Person]
4:584e0286-699b-42a4-88be-7eebbc43354a:67,[Movie]
4:584e0286-699b-42a4-88be-7eebbc43354a:68,[Person]
4:584e0286-699b-42a4-88be-7eebbc43354a:69,[Person]
4:584e0286-699b-42a4-88be-7eebbc43354a:70,[Person]
4:584e0286-699b-42a4-88be-7eebbc43354a:71,[Person]
4:584e0286-699b-42a4-88be-7eebbc43354a:72,[Person]
4:584e0286-699b-42a4-88be-7eebbc43354a:73,[Movie]
4:584e0286-699b-42a4-88be-7eebbc43354a:74,[Person]
4:584e0286-699b-42a4-88be-7eebbc43354a:75,[Person]
4:584e0286-699b-42a4-88be-7eebbc43354a:76,[Person]
4:584e0286-699b-42a4-88be-7eebbc43354a:77,[Person]
4:584e0286-699b-42a4-88be-7eebbc43354a:78,[Movie]
4:584e0286-699b-42a4-88be-7eebbc43354a:79,[Person]
4:584e0286-699b-42a4-88be-7eebbc43354a:80,[Person]
4:584e0286-699b-42a4-88be-7eebbc43354a:81,[Movie]
4:584e0286-699b-42a4-88be-7eebbc43354a:82,[Person]
4:584e0286-699b-42a4-88be-7eebbc43354a:83,[Person]
4:584e0286-699b-42a4-88be-7eebbc43354a:84,[Person]
4:584e0286-699b-42a4-88be-7eebbc43354a:85,[Movie]
4:584e0286-699b-42a4-88be-7eebbc43354a:86,[Person]
4:584e0286-699b-42a4-88be-7eebbc43354a:87,[Movie]
4:584e0286-699b-42a4-88be-7eebbc43354a:88,[Person]
4:584e0286-699b-42a4-88be-7eebbc43354a:89,[Person]
4:584e0286-699b-42a4-88be-7eebbc43354a:90,[Person]
4:584e0286-699b-42a4-88be-7eebbc43354a:91,[Person]
4:584e0286-699b-42a4-88be-7eebbc43354a:92,[Movie]
4:584e0286-699b-42a4-88be-7eebbc43354a:93,[Person]
4:584e0286-699b-42a4-88be-7eebbc43354a:94,[Person]
4:584e0286-699b-42a4-88be-7eebbc43354a:95,[Movie]
4:584e0286-699b-42a4-88be-7eebbc43354a:96,[Person]
4:584e0286-699b-42a4-88be-7eebbc43354a:97,[Movie]
4:584e0286-699b-42a4-88be-7eebbc43354a:98,[Person]
4:584e0286-699b-42a4-88be-7eebbc43354a:99,[Person]
4:584e0286-699b-42a4-88be-7eebbc43354a:100,[Movie]
4:584e0286-699b-42a4-88be-7eebbc43354a:101,[Person]
4:584e0286-699b-42a4-88be-7eebbc43354a:102,[Person]
4:584e0286-699b-42a4-88be-7eebbc43354a:103,[Person]
4:584e0286-699b-42a4-88be-7eebbc43354a:104,[Person]
4:584e0286-699b-42a4-88be-7eebbc43354a:105,[Movie]
4:584e0286-699b-42a4-88be-7eebbc43354a:106,[Person]
4:584e0286-699b-42a4-88be-7eebbc43354a:107,[Person]
4:584e0286-699b-42a4-88be-7eebbc43354a:108,[Person]
4:584e0286-699b-42a4-88be-7eebbc43354a:109,[Person]
4:584e0286-699b-42a4-88be-7eebbc43354a:110,[Person]
4:584e0286-699b-42a4-88be-7eebbc43354a:111,[Movie]
4:584e0286-699b-42a4-88be-7eebbc43354a:112,[Person]
4:584e0286-699b-42a4-88be-7eebbc43354a:113,[Person]
4:584e0286-699b-42a4-88be-7eebbc43354a:114,[Person]
4:584e0286-699b-42a4-88be-7eebbc43354a:115,[Person]
4:584e0286-699b-42a4-88be-7eebbc43354a:116,[Movie]
4:584e0286-699b-42a4-88be-7eebbc43354a:117,[Person]
4:584e0286-699b-42a4-88be-7eebbc43354a:118,[Person]
4:584e0286-699b-42a4-88be-7eebbc43354a:119,[Person]
4:584e0286-699b-42a4-88be-7eebbc43354a:120,[Person]
4:584e0286-699b-42a4-88be-7eebbc43354a:121,[Movie]
4:584e0286-699b-42a4-88be-7eebbc43354a:122,[Person]
4:584e0286-699b-42a4-88be-7eebbc43354a:123,[Person]
4:584e0286-699b-42a4-88be-7eebbc43354a:124,[Person]
4:584e0286-699b-42a4-88be-7eebbc43354a:125,[Person]
4:584e0286-699b-42a4-88be-7eebbc43354a:126,[Person]
4:584e0286-699b-42a4-88be-7eebbc43354a:127,[Person]
4:584e0286-699b-42a4-88be-7eebbc43354a:128,[Movie]
4:584e0286-699b-42a4-88be-7eebbc43354a:129,[Person]
4:584e0286-699b-42a4-88be-7eebbc43354a:130,[Movie]
4:584e0286-699b-42a4-88be-7eebbc43354a:131,[Person]
4:584e0286-699b-42a4-88be-7eebbc43354a:132,[Person]
4:584e0286-699b-42a4-88be-7eebbc43354a:133,[Person]
4:584e0286-699b-42a4-88be-7eebbc43354a:134,[Person]
4:584e0286-699b-42a4-88be-7eebbc43354a:135,[Person]
4:584e0286-699b-42a4-88be-7eebbc43354a:136,[Person]
4:584e0286-699b-42a4-88be-7eebbc43354a:137,[Movie]
4:584e0286-699b-42a4-88be-7eebbc43354a:138,[Person]
4:584e0286-699b-42a4-88be-7eebbc43354a:139,[Person]
4:584e0286-699b-42a4-88be-7eebbc43354a:140,[Person]
4:584e0286-699b-42a4-88be-7eebbc43354a:141,[Movie]
4:584e0286-699b-42a4-88be-7eebbc43354a:142,[Person]
4:584e0286-699b-42a4-88be-7eebbc43354a:143,[Person]
4:584e0286-699b-42a4-88be-7eebbc43354a:144,[Movie]
4:584e0286-699b-42a4-88be-7eebbc43354a:145,[Person]
4:584e0286-699b-42a4-88be-7eebbc43354a:146,[Person]
4:584e0286-699b-42a4-88be-7eebbc43354a:147,[Movie]
4:584e0286-699b-42a4-88be-7eebbc43354a:148,[Person]
4:584e0286-699b-42a4-88be-7eebbc43354a:149,[Person]
4:584e0286-699b-42a4-88be-7eebbc43354a:150,[Movie]
4:584e0286-699b-42a4-88be-7eebbc43354a:151,[Person]
4:584e0286-699b-42a4-88be-7eebbc43354a:152,[Movie]
4:584e0286-699b-42a4-88be-7eebbc43354a:153,[Person]
4:584e0286-699b-42a4-88be-7eebbc43354a:154,[Movie]
4:584e0286-699b-42a4-88be-7eebbc43354a:155,[Person]
4:584e0286-699b-42a4-88be-7eebbc43354a:156,[Person]
4:584e0286-699b-42a4-88be-7eebbc43354a:157,[Movie]
4:584e0286-699b-42a4-88be-7eebbc43354a:158,[Person]
4:584e0286-699b-42a4-88be-7eebbc43354a:159,[Movie]
4:584e0286-699b-42a4-88be-7eebbc43354a:160,[Person]
4:584e0286-699b-42a4-88be-7eebbc43354a:161,[Movie]
4:584e0286-699b-42a4-88be-7eebbc43354a:162,[Movie]
4:584e0286-699b-42a4-88be-7eebbc43354a:163,[Person]
4:584e0286-699b-42a4-88be-7eebbc43354a:164,[Person]
4:584e0286-699b-42a4-88be-7eebbc43354a:165,[Person]
4:584e0286-699b-42a4-88be-7eebbc43354a:166,[Person]
4:584e0286-699b-42a4-88be-7eebbc43354a:167,[Person]
4:584e0286-699b-42a4-88be-7eebbc43354a:168,[Person]
4:584e0286-699b-42a4-88be-7eebbc43354a:169,[Person]
4:584e0286-699b-42a4-88be-7eebbc43354a:170,[Person]
