nodeId,nodeType
4:151db951-7e73-4517-bad7-a035d0ad1e3b:0,[Movie]
4:151db951-7e73-4517-bad7-a035d0ad1e3b:1,[Person]
4:151db951-7e73-4517-bad7-a035d0ad1e3b:2,[Person]
4:151db951-7e73-4517-bad7-a035d0ad1e3b:3,[Person]
4:151db951-7e73-4517-bad7-a035d0ad1e3b:4,[Person]
4:151db951-7e73-4517-bad7-a035d0ad1e3b:5,[Person]
4:151db951-7e73-4517-bad7-a035d0ad1e3b:6,[Person]
4:151db951-7e73-4517-bad7-a035d0ad1e3b:7,[Person]
4:151db951-7e73-4517-bad7-a035d0ad1e3b:8,[Person]
4:151db951-7e73-4517-bad7-a035d0ad1e3b:9,[Movie]
4:151db951-7e73-4517-bad7-a035d0ad1e3b:10,[Movie]
4:151db951-7e73-4517-bad7-a035d0ad1e3b:11,[Movie]
4:151db951-7e73-4517-bad7-a035d0ad1e3b:12,[Person]
4:151db951-7e73-4517-bad7-a035d0ad1e3b:13,[Person]
4:151db951-7e73-4517-bad7-a035d0ad1e3b:14,[Person]
4:151db951-7e73-4517-bad7-a035d0ad1e3b:15,[Movie]
4:151db951-7e73-4517-bad7-a035d0ad1e3b:16,[Person]
4:151db951-7e73-4517-bad7-a035d0ad1e3b:17,[Person]
4:151db951-7e73-4517-bad7-a035d0ad1e3b:18,[Person]
4:151db951-7e73-4517-bad7-a035d0ad1e3b:19,[Person]
4:151db951-7e73-4517-bad7-a035d0ad1e3b:20,[Person]
4:151db951-7e73-4517-bad7-a035d0ad1e3b:21,[Person]
4:151db951-7e73-4517-bad7-a035d0ad1e3b:22,[Person]
4:151db951-7e73-4517-bad7-a035d0ad1e3b:23,[Person]
4:151db951-7e73-4517-bad7-a035d0ad1e3b:24,[Person]
4:151db951-7e73-4517-bad7-a035d0ad1e3b:25,[Person]
4:151db951-7e73-4517-bad7-a035d0ad1e3b:26,[Person]
4:151db951-7e73-4517-bad7-a035d0ad1e3b:27,[Person]
4:151db951-7e73-4517-bad7-a035d0ad1e3b:28,[Person]
4:151db951-7e73-4517-bad7-a035d0ad1e3b:29,[Movie]
4:151db951-7e73-4517-bad7-a035d0ad1e3b:30,[Person]
4:151db951-7e73-4517-bad7-a035d0ad1e3b:31,[Person]
4:151db951-7e73-4517-bad7-a035d0ad1e3b:32,[Person]
4:151db951-7e73-4517-bad7-a035d0ad1e3b:33,[Person]
4:151db951-7e73-4517-bad7-a035d0ad1e3b:34,[Person]
4:151db951-7e73-4517-bad7-a035d0ad1e3b:35,[Person]
4:151db951-7e73-4517-bad7-a035d0ad1e3b:36,[Person]
4:151db951-7e73-4517-bad7-a035d0ad1e3b:37,[Movie]
4:151db951-7e73-4517-bad7-a035d0ad1e3b:38,[Person]
4:151db951-7e73-4517-bad7-a035d0ad1e3b:39,[Person]
4:151db951-7e73-4517-bad7-a035d0ad1e3b:40,[Person]
4:151db951-7e73-4517-bad7-a035d0ad1e3b:41,[Person]
4:151db951-7e73-4517-bad7-a035d0ad1e3b:42,[Person]
4:151db951-7e73-4517-bad7-a035d0ad1e3b:43,[Person]
4:151db951-7e73-4517-bad7-a035d0ad1e3b:44,[Person]
4:151db951-7e73-4517-bad7-a035d0ad1e3b:45,[Person]
4:151db951-7e73-4517-bad7-a035d0ad1e3b:46,[Movie]
4:151db951-7e73-4517-bad7-a035d0ad1e3b:47,[Person]
4:151db951-7e73-4517-bad7-a035d0ad1e3b:48,[Person]
4:151db951-7e73-4517-bad7-a035d0ad1e3b:49,[Person]
4:151db951-7e73-4517-bad7-a035d0ad1e3b:50,[Person]
4:151db951-7e73-4517-bad7-a035d0ad1e3b:51,[Person]
4:151db951-7e73-4517-bad7-a035d0ad1e3b:52,[Movie]
4:151db951-7e73-4517-bad7-a035d0ad1e3b:53,[Person]
4:151db951-7e73-4517-bad7-a035d0ad1e3b:54,[Person]
4:151db951-7e73-4517-bad7-a035d0ad1e3b:55,[Person]
4:151db951-7e73-4517-bad7-a035d0ad1e3b:56,[Movie]
4:151db951-7e73-4517-bad7-a035d0ad1e3b:57,[Person]
4:151db951-7e73-4517-bad7-a035d0ad1e3b:58,[Person]
4:151db951-7e73-4517-bad7-a035d0ad1e3b:59,[Person]
4:151db951-7e73-4517-bad7-a035d0ad1e3b:60,[Person]
4:151db951-7e73-4517-bad7-a035d0ad1e3b:61,[Person]
4:151db951-7e73-4517-bad7-a035d0ad1e3b:62,[Movie]
4:151db951-7e73-4517-bad7-a035d0ad1e3b:63,[Person]
4:151db951-7e73-4517-bad7-a035d0ad1e3b:64,[Person]
4:151db951-7e73-4517-bad7-a035d0ad1e3b:65,[Person]
4:151db951-7e73-4517-bad7-a035d0ad1e3b:66,[Person]
4:151db951-7e73-4517-bad7-a035d0ad1e3b:67,[Movie]
4:151db951-7e73-4517-bad7-a035d0ad1e3b:68,[Person]
4:151db951-7e73-4517-bad7-a035d0ad1e3b:69,[Person]
4:151db951-7e73-4517-bad7-a035d0ad1e3b:70,[Person]
4:151db951-7e73-4517-bad7-a035d0ad1e3b:71,[Person]
4:151db951-7e73-4517-bad7-a035d0ad1e3b:72,[Person]
4:151db951-7e73-4517-bad7-a035d0ad1e3b:73,[Movie]
4:151db951-7e73-4517-bad7-a035d0ad1e3b:74,[Person]
4:151db951-7e73-4517-bad7-a035d0ad1e3b:75,[Person]
4:151db951-7e73-4517-bad7-a035d0ad1e3b:76,[Person]
4:151db951-7e73-4517-bad7-a035d0ad1e3b:77,[Person]
4:151db951-7e73-4517-bad7-a035d0ad1e3b:78,[Movie]
4:151db951-7e73-4517-bad7-a035d0ad1e3b:79,[Person]
4:151db951-7e73-4517-bad7-a035d0ad1e3b:80,[Person]
4:151db951-7e73-4517-bad7-a035d0ad1e3b:81,[Movie]
4:151db951-7e73-4517-bad7-a035d0ad1e3b:82,[Person]
4:151db951-7e73-4517-bad7-a035d0ad1e3b:83,[Person]
4:151db951-7e73-4517-bad7-a035d0ad1e3b:84,[Person]
4:151db951-7e73-4517-bad7-a035d0ad1e3b:85,[Movie]
4:151db951-7e73-4517-bad7-a035d0ad1e3b:86,[Person]
4:151db951-7e73-4517-bad7-a035d0ad1e3b:87,[Movie]
4:151db951-7e73-4517-bad7-a035d0ad1e3b:88,[Person]
4:151db951-7e73-4517-bad7-a035d0ad1e3b:89,[Person]
4:151db951-7e73-4517-bad7-a035d0ad1e3b:90,[Person]
4:151db951-7e73-4517-bad7-a035d0ad1e3b:91,[Person]
4:151db951-7e73-4517-bad7-a035d0ad1e3b:92,[Movie]
4:151db951-7e73-4517-bad7-a035d0ad1e3b:93,[Person]
4:151db951-7e73-4517-bad7-a035d0ad1e3b:94,[Person]
4:151db951-7e73-4517-bad7-a035d0ad1e3b:95,[Movie]
4:151db951-7e73-4517-bad7-a035d0ad1e3b:96,[Person]
4:151db951-7e73-4517-bad7-a035d0ad1e3b:97,[Movie]
4:151db951-7e73-4517-bad7-a035d0ad1e3b:98,[Person]
4:151db951-7e73-4517-bad7-a035d0ad1e3b:99,[Person]
4:151db951-7e73-4517-bad7-a035d0ad1e3b:100,[Movie]
4:151db951-7e73-4517-bad7-a035d0ad1e3b:101,[Person]
4:151db951-7e73-4517-bad7-a035d0ad1e3b:102,[Person]
4:151db951-7e73-4517-bad7-a035d0ad1e3b:103,[Person]
4:151db951-7e73-4517-bad7-a035d0ad1e3b:104,[Person]
4:151db951-7e73-4517-bad7-a035d0ad1e3b:105,[Movie]
4:151db951-7e73-4517-bad7-a035d0ad1e3b:106,[Person]
4:151db951-7e73-4517-bad7-a035d0ad1e3b:107,[Person]
4:151db951-7e73-4517-bad7-a035d0ad1e3b:108,[Person]
4:151db951-7e73-4517-bad7-a035d0ad1e3b:109,[Person]
4:151db951-7e73-4517-bad7-a035d0ad1e3b:110,[Person]
4:151db951-7e73-4517-bad7-a035d0ad1e3b:111,[Movie]
4:151db951-7e73-4517-bad7-a035d0ad1e3b:112,[Person]
4:151db951-7e73-4517-bad7-a035d0ad1e3b:113,[Person]
4:151db951-7e73-4517-bad7-a035d0ad1e3b:114,[Person]
4:151db951-7e73-4517-bad7-a035d0ad1e3b:115,[Person]
4:151db951-7e73-4517-bad7-a035d0ad1e3b:116,[Movie]
4:151db951-7e73-4517-bad7-a035d0ad1e3b:117,[Person]
4:151db951-7e73-4517-bad7-a035d0ad1e3b:118,[Person]
4:151db951-7e73-4517-bad7-a035d0ad1e3b:119,[Person]
4:151db951-7e73-4517-bad7-a035d0ad1e3b:120,[Person]
4:151db951-7e73-4517-bad7-a035d0ad1e3b:121,[Movie]
4:151db951-7e73-4517-bad7-a035d0ad1e3b:122,[Person]
4:151db951-7e73-4517-bad7-a035d0ad1e3b:123,[Person]
4:151db951-7e73-4517-bad7-a035d0ad1e3b:124,[Person]
4:151db951-7e73-4517-bad7-a035d0ad1e3b:125,[Person]
4:151db951-7e73-4517-bad7-a035d0ad1e3b:126,[Person]
4:151db951-7e73-4517-bad7-a035d0ad1e3b:127,[Person]
4:151db951-7e73-4517-bad7-a035d0ad1e3b:128,[Movie]
4:151db951-7e73-4517-bad7-a035d0ad1e3b:129,[Person]
4:151db951-7e73-4517-bad7-a035d0ad1e3b:130,[Movie]
4:151db951-7e73-4517-bad7-a035d0ad1e3b:131,[Person]
4:151db951-7e73-4517-bad7-a035d0ad1e3b:132,[Person]
4:151db951-7e73-4517-bad7-a035d0ad1e3b:133,[Person]
4:151db951-7e73-4517-bad7-a035d0ad1e3b:134,[Person]
4:151db951-7e73-4517-bad7-a035d0ad1e3b:135,[Person]
4:151db951-7e73-4517-bad7-a035d0ad1e3b:136,[Person]
4:151db951-7e73-4517-bad7-a035d0ad1e3b:137,[Movie]
4:151db951-7e73-4517-bad7-a035d0ad1e3b:138,[Person]
4:151db951-7e73-4517-bad7-a035d0ad1e3b:139,[Person]
4:151db951-7e73-4517-bad7-a035d0ad1e3b:140,[Person]
4:151db951-7e73-4517-bad7-a035d0ad1e3b:141,[Movie]
4:151db951-7e73-4517-bad7-a035d0ad1e3b:142,[Person]
4:151db951-7e73-4517-bad7-a035d0ad1e3b:143,[Person]
4:151db951-7e73-4517-bad7-a035d0ad1e3b:144,[Movie]
4:151db951-7e73-4517-bad7-a035d0ad1e3b:145,[Person]
4:151db951-7e73-4517-bad7-a035d0ad1e3b:146,[Person]
4:151db951-7e73-4517-bad7-a035d0ad1e3b:147,[Movie]
4:151db951-7e73-4517-bad7-a035d0ad1e3b:148,[Person]
4:151db951-7e73-4517-bad7-a035d0ad1e3b:149,[Person]
4:151db951-7e73-4517-bad7-a035d0ad1e3b:150,[Movie]
4:151db951-7e73-4517-bad7-a035d0ad1e3b:151,[Person]
4:151db951-7e73-4517-bad7-a035d0ad1e3b:152,[Movie]
4:151db951-7e73-4517-bad7-a035d0ad1e3b:153,[Person]
4:151db951-7e73-4517-bad7-a035d0ad1e3b:154,[Movie]
4:151db951-7e73-4517-bad7-a035d0ad1e3b:155,[Person]
4:151db951-7e73-4517-bad7-a035d0ad1e3b:156,[Person]
4:151db951-7e73-4517-bad7-a035d0ad1e3b:157,[Movie]
4:151db951-7e73-4517-bad7-a035d0ad1e3b:158,[Person]
4:151db951-7e73-4517-bad7-a035d0ad1e3b:159,[Movie]
4:151db951-7e73-4517-bad7-a035d0ad1e3b:160,[Person]
4:151db951-7e73-4517-bad7-a035d0ad1e3b:161,[Movie]
4:151db951-7e73-4517-bad7-a035d0ad1e3b:162,[Movie]
4:151db951-7e73-4517-bad7-a035d0ad1e3b:163,[Person]
4:151db951-7e73-4517-bad7-a035d0ad1e3b:164,[Person]
4:151db951-7e73-4517-bad7-a035d0ad1e3b:165,[Person]
4:151db951-7e73-4517-bad7-a035d0ad1e3b:166,[Person]
4:151db951-7e73-4517-bad7-a035d0ad1e3b:167,[Person]
4:151db951-7e73-4517-bad7-a035d0ad1e3b:168,[Person]
4:151db951-7e73-4517-bad7-a035d0ad1e3b:169,[Person]
4:151db951-7e73-4517-bad7-a035d0ad1e3b:170,[Person]
